{"textures":{"0":"modelengine:entity/krokmou"},"elements":[{"from":[-9.673334,7.66,8.826667],"to":[8.006667,8.34,18.173334],"faces":{"east":{"uv":[11.0625,0.5625,12.8125,0.6875],"tintindex":0,"rotation":0,"texture":"#0"},"south":{"uv":[9.8125,0.4375,13.125,0.5625],"tintindex":0,"rotation":0,"texture":"#0"},"north":{"uv":[9.6875,5.625,12.1875,5.75],"tintindex":0,"rotation":0,"texture":"#0"},"west":{"uv":[10.25,7.9375,11.625,8.0625],"tintindex":0,"rotation":0,"texture":"#0"},"up":{"uv":[3.3125,1.75,0.0,0.0],"tintindex":0,"rotation":0,"texture":"#0"},"down":{"uv":[3.3125,1.75,0.0,3.5],"tintindex":0,"rotation":0,"texture":"#0"}}},{"from":[-9.666668,7.5,7.1666665],"to":[8.0,8.5,8.833333],"faces":{"east":{"uv":[2.125,10.6875,2.4375,10.875],"tintindex":0,"rotation":0,"texture":"#0"},"south":{"uv":[8.9375,5.75,12.25,5.9375],"tintindex":0,"rotation":0,"texture":"#0"},"north":{"uv":[8.25,5.25,11.5625,5.4375],"tintindex":0,"rotation":0,"texture":"#0"},"west":{"uv":[6.0,10.6875,6.3125,10.875],"tintindex":0,"rotation":0,"texture":"#0"},"up":{"uv":[9.6875,5.75,6.375,5.4375],"tintindex":0,"rotation":0,"texture":"#0"},"down":{"uv":[10.75,1.3125,7.4375,1.625],"tintindex":0,"rotation":0,"texture":"#0"}}}],"display":{"gui":{"rotation":[30,225,0]}}}