{"textures":{"0":"modelengine:entity/krokmou"},"elements":[{"from":[8.0,7.5,7.1666665],"to":[25.666668,8.5,8.833333],"faces":{"east":{"uv":[6.3125,10.6875,6.0,10.875],"tintindex":0,"rotation":0,"texture":"#0"},"south":{"uv":[12.25,5.75,8.9375,5.9375],"tintindex":0,"rotation":0,"texture":"#0"},"north":{"uv":[11.5625,5.25,8.25,5.4375],"tintindex":0,"rotation":0,"texture":"#0"},"west":{"uv":[2.4375,10.6875,2.125,10.875],"tintindex":0,"rotation":0,"texture":"#0"},"up":{"uv":[6.375,5.75,9.6875,5.4375],"tintindex":0,"rotation":0,"texture":"#0"},"down":{"uv":[7.4375,1.3125,10.75,1.625],"tintindex":0,"rotation":0,"texture":"#0"}}},{"from":[7.9933333,7.66,8.826667],"to":[25.673334,8.34,18.173334],"faces":{"east":{"uv":[11.625,7.9375,10.25,8.0625],"tintindex":0,"rotation":0,"texture":"#0"},"south":{"uv":[13.125,0.4375,9.8125,0.5625],"tintindex":0,"rotation":0,"texture":"#0"},"north":{"uv":[12.1875,5.625,9.6875,5.75],"tintindex":0,"rotation":0,"texture":"#0"},"west":{"uv":[12.8125,0.5625,11.0625,0.6875],"tintindex":0,"rotation":0,"texture":"#0"},"up":{"uv":[0.0,1.75,3.3125,0.0],"tintindex":0,"rotation":0,"texture":"#0"},"down":{"uv":[0.0,1.75,3.3125,3.5],"tintindex":0,"rotation":0,"texture":"#0"}}}],"display":{"gui":{"rotation":[30,225,0]}}}