{"textures":{"2":"modelengine:entity/vehicle_car_police"},"elements":[{"from":[-1.1000004,18.0,14.9],"to":[6.0,21.099998,20.1],"faces":{"east":{"uv":[4.9375,10.3125,5.2625,10.50625],"tintindex":0,"rotation":0,"texture":"#2"},"south":{"uv":[4.875,10.3125,5.31875,10.50625],"tintindex":0,"rotation":0,"texture":"#2"},"north":{"uv":[4.875,10.3125,5.31875,10.50625],"tintindex":0,"rotation":0,"texture":"#2"},"west":{"uv":[4.9375,10.3125,5.2625,10.50625],"tintindex":0,"rotation":0,"texture":"#2"},"up":{"uv":[5.31875,10.575,4.875,10.25],"tintindex":0,"rotation":0,"texture":"#2"},"down":{"uv":[5.31875,10.25,4.875,10.575],"tintindex":0,"rotation":0,"texture":"#2"}}}],"display":{"gui":{"rotation":[30,225,0]}}}