{"textures":{"2":"modelengine:entity/car_body_pink"},"elements":[{"from":[18.0,3.5,7.949999],"to":[23.0,7.5,8.049999],"faces":{"east":{"uv":[10.5625,5.25,10.56875,5.5],"tintindex":0,"rotation":0,"texture":"#2"},"south":{"uv":[10.4375,5.25,10.75,5.5],"tintindex":0,"rotation":0,"texture":"#2"},"north":{"uv":[10.4375,5.25,10.75,5.5],"tintindex":0,"rotation":0,"texture":"#2"},"west":{"uv":[10.5625,5.25,10.56875,5.5],"tintindex":0,"rotation":0,"texture":"#2"},"up":{"uv":[10.75,5.38125,10.4375,5.375],"tintindex":0,"rotation":0,"texture":"#2"},"down":{"uv":[10.75,5.375,10.4375,5.38125],"tintindex":0,"rotation":0,"texture":"#2"}}},{"from":[18.0,8.5,7.949999],"to":[23.0,12.5,8.049999],"faces":{"east":{"uv":[10.5625,5.25,10.56875,5.5],"tintindex":0,"rotation":0,"texture":"#2"},"south":{"uv":[10.4375,5.25,10.75,5.5],"tintindex":0,"rotation":0,"texture":"#2"},"north":{"uv":[10.4375,5.25,10.75,5.5],"tintindex":0,"rotation":0,"texture":"#2"},"west":{"uv":[10.5625,5.25,10.56875,5.5],"tintindex":0,"rotation":0,"texture":"#2"},"up":{"uv":[10.75,5.38125,10.4375,5.375],"tintindex":0,"rotation":0,"texture":"#2"},"down":{"uv":[10.75,5.375,10.4375,5.38125],"tintindex":0,"rotation":0,"texture":"#2"}}},{"from":[-7.0,8.5,7.949999],"to":[-2.0,12.5,8.049999],"faces":{"east":{"uv":[10.5625,5.25,10.56875,5.5],"tintindex":0,"rotation":0,"texture":"#2"},"south":{"uv":[10.4375,5.25,10.75,5.5],"tintindex":0,"rotation":0,"texture":"#2"},"north":{"uv":[10.4375,5.25,10.75,5.5],"tintindex":0,"rotation":0,"texture":"#2"},"west":{"uv":[10.5625,5.25,10.56875,5.5],"tintindex":0,"rotation":0,"texture":"#2"},"up":{"uv":[10.75,5.38125,10.4375,5.375],"tintindex":0,"rotation":0,"texture":"#2"},"down":{"uv":[10.75,5.375,10.4375,5.38125],"tintindex":0,"rotation":0,"texture":"#2"}}},{"from":[-7.0,3.5,7.949999],"to":[-2.0,7.5,8.049999],"faces":{"east":{"uv":[10.5625,5.25,10.56875,5.5],"tintindex":0,"rotation":0,"texture":"#2"},"south":{"uv":[10.4375,5.25,10.75,5.5],"tintindex":0,"rotation":0,"texture":"#2"},"north":{"uv":[10.4375,5.25,10.75,5.5],"tintindex":0,"rotation":0,"texture":"#2"},"west":{"uv":[10.5625,5.25,10.56875,5.5],"tintindex":0,"rotation":0,"texture":"#2"},"up":{"uv":[10.75,5.38125,10.4375,5.375],"tintindex":0,"rotation":0,"texture":"#2"},"down":{"uv":[10.75,5.375,10.4375,5.38125],"tintindex":0,"rotation":0,"texture":"#2"}}}],"display":{"gui":{"rotation":[30,225,0]}}}