{"textures":{"2":"modelengine:entity/truck_body_pink"},"elements":[{"from":[20.0,6.875,6.950001],"to":[22.05,9.125,9.050001],"faces":{"east":{"uv":[8.8125,4.875,8.9375,5.0],"tintindex":0,"rotation":0,"texture":"#2"},"south":{"uv":[8.8125,5.0,8.9375,5.125],"tintindex":0,"rotation":0,"texture":"#2"},"north":{"uv":[8.8125,4.75,8.9375,4.875],"tintindex":0,"rotation":0,"texture":"#2"},"west":{"uv":[8.8125,5.625,8.9375,5.75],"tintindex":0,"rotation":0,"texture":"#2"},"up":{"uv":[8.9375,5.875,8.8125,5.75],"tintindex":0,"rotation":0,"texture":"#2"},"down":{"uv":[8.9375,5.875,8.8125,6.0],"tintindex":0,"rotation":0,"texture":"#2"}}},{"from":[-6.05,6.875,6.950001],"to":[-4.0,9.125,9.050001],"faces":{"east":{"uv":[3.1875,8.8125,3.3125,8.9375],"tintindex":0,"rotation":0,"texture":"#2"},"south":{"uv":[3.3125,8.8125,3.4375,8.9375],"tintindex":0,"rotation":0,"texture":"#2"},"north":{"uv":[8.8125,2.375,8.9375,2.5],"tintindex":0,"rotation":0,"texture":"#2"},"west":{"uv":[3.4375,8.8125,3.5625,8.9375],"tintindex":0,"rotation":0,"texture":"#2"},"up":{"uv":[3.6875,8.9375,3.5625,8.8125],"tintindex":0,"rotation":0,"texture":"#2"},"down":{"uv":[4.4375,8.8125,4.3125,8.9375],"tintindex":0,"rotation":0,"texture":"#2"}}}],"display":{"gui":{"rotation":[30,225,0]}}}