{"textures":{"2":"modelengine:entity/car_body_taxi"},"elements":[{"from":[-2.0,6.9496803,8.0098095],"to":[18.0,7.9496803,12.0098095],"faces":{"east":{"uv":[4.375,1.9375,4.625,2.0],"tintindex":0,"rotation":0,"texture":"#2"},"south":{"uv":[8.375,6.375,9.625,6.4375],"tintindex":0,"rotation":0,"texture":"#2"},"north":{"uv":[8.25,7.875,9.5,7.9375],"tintindex":0,"rotation":0,"texture":"#2"},"west":{"uv":[8.0,6.25,8.25,6.3125],"tintindex":0,"rotation":0,"texture":"#2"},"up":{"uv":[8.6875,0.5625,7.4375,0.3125],"tintindex":0,"rotation":0,"texture":"#2"},"down":{"uv":[8.6875,4.0,7.4375,4.25],"tintindex":0,"rotation":0,"texture":"#2"}}},{"from":[-2.0,1.9496803,12.0098095],"to":[18.0,7.9496803,13.0098095],"faces":{"east":{"uv":[1.1875,5.125,1.25,5.5],"tintindex":0,"rotation":0,"texture":"#2"},"south":{"uv":[6.8125,3.3125,8.0625,3.6875],"tintindex":0,"rotation":0,"texture":"#2"},"north":{"uv":[6.8125,2.9375,8.0625,3.3125],"tintindex":0,"rotation":0,"texture":"#2"},"west":{"uv":[5.5,7.4375,5.5625,7.8125],"tintindex":0,"rotation":0,"texture":"#2"},"up":{"uv":[9.625,6.5,8.375,6.4375],"tintindex":0,"rotation":0,"texture":"#2"},"down":{"uv":[9.625,6.5,8.375,6.5625],"tintindex":0,"rotation":0,"texture":"#2"}}}],"display":{"gui":{"rotation":[30,225,0]}}}