{"textures":{"0":"modelengine:entity/water_cubee"},"elements":[{"from":[5.4975,6.922,7.9615],"to":[7.6535,9.077999,8.0385],"faces":{"east":{"uv":[1.516,14.016,1.75,14.984],"tintindex":0,"rotation":0,"texture":"#0"},"south":{"uv":[0.016,13.016,0.984,13.984],"tintindex":0,"rotation":0,"texture":"#0"},"north":{"uv":[12.016,12.516,12.984,13.484],"tintindex":0,"rotation":0,"texture":"#0"},"west":{"uv":[14.016,1.516,14.25,2.484],"tintindex":0,"rotation":0,"texture":"#0"},"up":{"uv":[2.984,14.25,2.016,14.016],"tintindex":0,"rotation":0,"texture":"#0"},"down":{"uv":[14.984,2.516,14.016,2.75],"tintindex":0,"rotation":0,"texture":"#0"}}},{"from":[8.3465,6.922,7.9615],"to":[10.502501,9.077999,8.0385],"faces":{"east":{"uv":[14.016,3.016,14.25,3.984],"tintindex":0,"rotation":0,"texture":"#0"},"south":{"uv":[1.016,13.016,1.984,13.984],"tintindex":0,"rotation":0,"texture":"#0"},"north":{"uv":[13.016,0.016,13.984,0.984],"tintindex":0,"rotation":0,"texture":"#0"},"west":{"uv":[14.016,4.016,14.25,4.984],"tintindex":0,"rotation":0,"texture":"#0"},"up":{"uv":[14.984,5.25,14.016,5.016],"tintindex":0,"rotation":0,"texture":"#0"},"down":{"uv":[14.984,5.516,14.016,5.75],"tintindex":0,"rotation":0,"texture":"#0"}}}],"display":{"gui":{"rotation":[30,225,0]}}}