{"textures":{"0":"modelengine:entity/water_cubee"},"elements":[{"from":[5.1895,2.1895008,5.1895],"to":[10.8105,5.189501,10.8105],"faces":{"east":{"uv":[6.016,12.016,8.75,13.484],"tintindex":0,"rotation":0,"texture":"#0"},"south":{"uv":[9.016,12.016,11.75,13.484],"tintindex":0,"rotation":0,"texture":"#0"},"north":{"uv":[3.016,12.016,5.75,13.484],"tintindex":0,"rotation":0,"texture":"#0"},"west":{"uv":[12.016,9.016,14.75,10.484],"tintindex":0,"rotation":0,"texture":"#0"},"up":{"uv":[12.75,5.75,10.016,3.016],"tintindex":0,"rotation":0,"texture":"#0"},"down":{"uv":[12.75,6.016,10.016,8.75],"tintindex":0,"rotation":0,"texture":"#0"}}},{"from":[10.9855,10.9855,11.0105],"to":[5.0144997,5.0145006,4.9895],"faces":{"east":{"uv":[4.016,3.016,6.984,5.984],"tintindex":0,"rotation":0,"texture":"#0"},"south":{"uv":[4.016,6.016,6.984,8.984],"tintindex":0,"rotation":0,"texture":"#0"},"north":{"uv":[4.016,0.016,6.984,2.984],"tintindex":0,"rotation":0,"texture":"#0"},"west":{"uv":[0.016,7.016,2.984,9.984],"tintindex":0,"rotation":0,"texture":"#0"},"up":{"uv":[9.984,2.984,7.016,0.016],"tintindex":0,"rotation":0,"texture":"#0"},"down":{"uv":[9.984,3.016,7.016,5.984],"tintindex":0,"rotation":0,"texture":"#0"}}},{"from":[5.1895,5.189501,5.1895],"to":[10.8105,10.810501,10.8105],"faces":{"east":{"uv":[3.016,9.016,5.75,11.75],"tintindex":0,"rotation":0,"texture":"#0"},"south":{"uv":[6.016,9.016,8.75,11.75],"tintindex":0,"rotation":0,"texture":"#0"},"north":{"uv":[7.016,6.016,9.75,8.75],"tintindex":0,"rotation":0,"texture":"#0"},"west":{"uv":[9.016,9.016,11.75,11.75],"tintindex":0,"rotation":0,"texture":"#0"},"up":{"uv":[2.75,12.75,0.016,10.016],"tintindex":0,"rotation":0,"texture":"#0"},"down":{"uv":[12.75,0.016,10.016,2.75],"tintindex":0,"rotation":0,"texture":"#0"}}}],"display":{"gui":{"rotation":[30,225,0]}}}