{"textures":{"1":"modelengine:entity/banned_text"},"elements":[{"from":[3.3316665,14.998334,0.998333],"to":[5.668333,25.001667,8.668333],"faces":{"east":{"uv":[1.4375,6.9375,2.875,8.8125],"tintindex":0,"rotation":0,"texture":"#1"},"south":{"uv":[10.5,0.0,10.9375,1.875],"tintindex":0,"rotation":0,"texture":"#1"},"north":{"uv":[10.4375,7.8125,10.875,9.6875],"tintindex":0,"rotation":0,"texture":"#1"},"west":{"uv":[2.875,6.9375,4.3125,8.8125],"tintindex":0,"rotation":0,"texture":"#1"},"up":{"uv":[11.4375,6.75,11.0,5.3125],"tintindex":0,"rotation":0,"texture":"#1"},"down":{"uv":[10.8125,11.1875,10.375,12.625],"tintindex":0,"rotation":0,"texture":"#1"}}},{"from":[-1.666667,20.0,1.0],"to":[3.6666665,22.333334,8.666667],"faces":{"east":{"uv":[11.4375,1.9375,12.875,2.375],"tintindex":0,"rotation":0,"texture":"#1"},"south":{"uv":[12.6875,10.3125,13.6875,10.75],"tintindex":0,"rotation":0,"texture":"#1"},"north":{"uv":[12.6875,9.875,13.6875,10.3125],"tintindex":0,"rotation":0,"texture":"#1"},"west":{"uv":[11.4375,2.375,12.875,2.8125],"tintindex":0,"rotation":0,"texture":"#1"},"up":{"uv":[9.625,7.1875,8.625,5.75],"tintindex":0,"rotation":0,"texture":"#1"},"down":{"uv":[9.625,7.1875,8.625,8.625],"tintindex":0,"rotation":0,"texture":"#1"}}},{"from":[-2.0,25.0,1.0],"to":[5.6666665,27.333334,8.666667],"faces":{"east":{"uv":[10.8125,11.1875,12.25,11.625],"tintindex":0,"rotation":0,"texture":"#1"},"south":{"uv":[11.375,7.8125,12.8125,8.25],"tintindex":0,"rotation":0,"texture":"#1"},"north":{"uv":[11.0,6.75,12.4375,7.1875],"tintindex":0,"rotation":0,"texture":"#1"},"west":{"uv":[11.375,8.25,12.8125,8.6875],"tintindex":0,"rotation":0,"texture":"#1"},"up":{"uv":[8.625,8.0625,7.1875,6.625],"tintindex":0,"rotation":0,"texture":"#1"},"down":{"uv":[8.625,8.0625,7.1875,9.5],"tintindex":0,"rotation":0,"texture":"#1"}}},{"from":[-2.0,15.0,1.0],"to":[5.6666665,17.333334,8.666667],"faces":{"east":{"uv":[11.4375,0.0,12.875,0.4375],"tintindex":0,"rotation":0,"texture":"#1"},"south":{"uv":[11.4375,0.4375,12.875,0.875],"tintindex":0,"rotation":0,"texture":"#1"},"north":{"uv":[11.375,8.6875,12.8125,9.125],"tintindex":0,"rotation":0,"texture":"#1"},"west":{"uv":[11.4375,0.875,12.875,1.3125],"tintindex":0,"rotation":0,"texture":"#1"},"up":{"uv":[10.0625,1.4375,8.625,0.0],"tintindex":0,"rotation":0,"texture":"#1"},"down":{"uv":[10.0625,1.4375,8.625,2.875],"tintindex":0,"rotation":0,"texture":"#1"}}}],"display":{"gui":{"rotation":[30,225,0]}}}