{"textures":{"1":"modelengine:entity/banned_text"},"elements":[{"from":[-2.0,25.0,1.0],"to":[5.6666665,27.333334,8.666667],"faces":{"east":{"uv":[11.875,6.125,13.3125,6.5625],"tintindex":0,"rotation":0,"texture":"#1"},"south":{"uv":[11.875,7.1875,13.3125,7.625],"tintindex":0,"rotation":0,"texture":"#1"},"north":{"uv":[11.875,5.6875,13.3125,6.125],"tintindex":0,"rotation":0,"texture":"#1"},"west":{"uv":[12.25,11.1875,13.6875,11.625],"tintindex":0,"rotation":0,"texture":"#1"},"up":{"uv":[10.0625,4.3125,8.625,2.875],"tintindex":0,"rotation":0,"texture":"#1"},"down":{"uv":[10.0625,4.3125,8.625,5.75],"tintindex":0,"rotation":0,"texture":"#1"}}},{"from":[-0.666667,19.333334,1.0],"to":[3.6666665,21.666668,8.666667],"faces":{"east":{"uv":[12.3125,9.125,13.75,9.5625],"tintindex":0,"rotation":0,"texture":"#1"},"south":{"uv":[0.0,12.5625,0.8125,13.0],"tintindex":0,"rotation":0,"texture":"#1"},"north":{"uv":[6.3125,8.8125,7.125,9.25],"tintindex":0,"rotation":0,"texture":"#1"},"west":{"uv":[12.375,1.3125,13.8125,1.75],"tintindex":0,"rotation":0,"texture":"#1"},"up":{"uv":[10.4375,8.625,9.625,7.1875],"tintindex":0,"rotation":0,"texture":"#1"},"down":{"uv":[10.4375,8.625,9.625,10.0625],"tintindex":0,"rotation":0,"texture":"#1"}}},{"from":[-2.001667,14.998334,0.998333],"to":[0.33500004,25.001667,8.668333],"faces":{"east":{"uv":[7.1875,0.0,8.625,1.875],"tintindex":0,"rotation":0,"texture":"#1"},"south":{"uv":[0.4375,10.6875,0.875,12.5625],"tintindex":0,"rotation":0,"texture":"#1"},"north":{"uv":[10.9375,1.875,10.5,3.75],"tintindex":0,"rotation":0,"texture":"#1"},"west":{"uv":[7.1875,1.875,8.625,3.75],"tintindex":0,"rotation":0,"texture":"#1"},"up":{"uv":[5.75,13.8125,5.3125,12.375],"tintindex":0,"rotation":0,"texture":"#1"},"down":{"uv":[6.1875,12.375,5.75,13.8125],"tintindex":0,"rotation":0,"texture":"#1"}}},{"from":[3.3316665,14.998334,0.998333],"to":[5.668333,25.001667,8.668333],"faces":{"east":{"uv":[4.3125,6.9375,5.75,8.8125],"tintindex":0,"rotation":0,"texture":"#1"},"south":{"uv":[10.5625,5.3125,11.0,7.1875],"tintindex":0,"rotation":0,"texture":"#1"},"north":{"uv":[10.5,1.875,10.9375,3.75],"tintindex":0,"rotation":0,"texture":"#1"},"west":{"uv":[5.75,6.9375,7.1875,8.8125],"tintindex":0,"rotation":0,"texture":"#1"},"up":{"uv":[12.8125,4.25,12.375,2.8125],"tintindex":0,"rotation":0,"texture":"#1"},"down":{"uv":[5.3125,12.375,4.875,13.8125],"tintindex":0,"rotation":0,"texture":"#1"}}}],"display":{"gui":{"rotation":[30,225,0]}}}