{"textures":{"1":"modelengine:entity/banned_text"},"elements":[{"from":[6.6730323,7.960581,-1.5050011],"to":[10.178032,26.465582,10.0],"faces":{"east":{"uv":[5.75,4.625,4.3125,6.9375],"tintindex":0,"rotation":0,"texture":"#1"},"south":{"uv":[3.125,10.25,2.6875,12.5625],"tintindex":0,"rotation":0,"texture":"#1"},"north":{"uv":[2.6875,10.25,2.25,12.5625],"tintindex":0,"rotation":0,"texture":"#1"},"west":{"uv":[5.75,4.625,4.3125,6.9375],"tintindex":0,"rotation":0,"texture":"#1"},"up":{"uv":[11.9375,4.25,12.375,2.8125],"tintindex":0,"rotation":0,"texture":"#1"},"down":{"uv":[12.125,11.625,12.5625,13.0625],"tintindex":0,"rotation":0,"texture":"#1"}}},{"from":[-1.0025005,7.9975,-1.5025005],"to":[2.5025,26.5025,10.002501],"faces":{"east":{"uv":[4.3125,4.625,5.75,6.9375],"tintindex":0,"rotation":0,"texture":"#1"},"south":{"uv":[2.6875,10.25,3.125,12.5625],"tintindex":0,"rotation":0,"texture":"#1"},"north":{"uv":[2.25,10.25,2.6875,12.5625],"tintindex":0,"rotation":0,"texture":"#1"},"west":{"uv":[4.3125,4.625,5.75,6.9375],"tintindex":0,"rotation":0,"texture":"#1"},"up":{"uv":[12.375,4.25,11.9375,2.8125],"tintindex":0,"rotation":0,"texture":"#1"},"down":{"uv":[12.5625,11.625,12.125,13.0625],"tintindex":0,"rotation":0,"texture":"#1"}}},{"from":[3.0,8.0,-1.5],"to":[6.5,26.5,10.0],"faces":{"east":{"uv":[5.75,0.0,7.1875,2.3125],"tintindex":0,"rotation":0,"texture":"#1"},"south":{"uv":[3.5625,10.25,4.0,12.5625],"tintindex":0,"rotation":0,"texture":"#1"},"north":{"uv":[3.125,10.25,3.5625,12.5625],"tintindex":0,"rotation":0,"texture":"#1"},"west":{"uv":[5.75,2.3125,7.1875,4.625],"tintindex":0,"rotation":0,"texture":"#1"},"up":{"uv":[12.6875,11.1875,12.25,9.75],"tintindex":0,"rotation":0,"texture":"#1"},"down":{"uv":[12.75,4.25,12.3125,5.6875],"tintindex":0,"rotation":0,"texture":"#1"}},"rotation":{"origin":[4.75,17.25,7.25],"angle":-22.5,"axis":"z"}}],"display":{"gui":{"rotation":[30,225,0]}}}