{"textures":{"1":"modelengine:entity/banned_text"},"elements":[{"from":[8.001667,24.668335,1.001667],"to":[12.998334,27.331669,8.665],"faces":{"east":{"uv":[10.5,3.75,11.9375,4.25],"tintindex":0,"rotation":0,"texture":"#1"},"south":{"uv":[9.875,12.625,10.8125,13.125],"tintindex":0,"rotation":0,"texture":"#1"},"north":{"uv":[7.0625,12.375,8.0,12.875],"tintindex":0,"rotation":0,"texture":"#1"},"west":{"uv":[10.375,10.6875,11.8125,11.1875],"tintindex":0,"rotation":0,"texture":"#1"},"up":{"uv":[5.375,10.25,4.4375,8.8125],"tintindex":0,"rotation":0,"texture":"#1"},"down":{"uv":[6.3125,8.8125,5.375,10.25],"tintindex":0,"rotation":0,"texture":"#1"}}},{"from":[13.0,15.0,1.0],"to":[15.333334,27.333334,8.666667],"faces":{"east":{"uv":[0.0,0.0,1.4375,2.3125],"tintindex":0,"rotation":0,"texture":"#1"},"south":{"uv":[8.1875,9.5,8.625,11.8125],"tintindex":0,"rotation":0,"texture":"#1"},"north":{"uv":[0.9375,9.25,1.375,11.5625],"tintindex":0,"rotation":0,"texture":"#1"},"west":{"uv":[1.4375,0.0,2.875,2.3125],"tintindex":0,"rotation":0,"texture":"#1"},"up":{"uv":[7.5625,12.375,7.125,10.9375],"tintindex":0,"rotation":0,"texture":"#1"},"down":{"uv":[8.0,10.9375,7.5625,12.375],"tintindex":0,"rotation":0,"texture":"#1"}}},{"from":[8.001667,15.001667,1.001667],"to":[12.998334,16.998333,8.665],"faces":{"east":{"uv":[8.4375,12.375,9.875,12.75],"tintindex":0,"rotation":0,"texture":"#1"},"south":{"uv":[12.75,4.25,13.6875,4.625],"tintindex":0,"rotation":0,"texture":"#1"},"north":{"uv":[12.6875,10.75,13.625,11.125],"tintindex":0,"rotation":0,"texture":"#1"},"west":{"uv":[12.4375,6.5625,13.875,6.9375],"tintindex":0,"rotation":0,"texture":"#1"},"up":{"uv":[0.9375,10.6875,0.0,9.25],"tintindex":0,"rotation":0,"texture":"#1"},"down":{"uv":[7.25,9.5,6.3125,10.9375],"tintindex":0,"rotation":0,"texture":"#1"}}},{"from":[8.0,17.0,1.0],"to":[10.333334,24.666668,8.666667],"faces":{"east":{"uv":[7.1875,3.75,8.625,5.1875],"tintindex":0,"rotation":0,"texture":"#1"},"south":{"uv":[5.8125,10.9375,6.25,12.375],"tintindex":0,"rotation":0,"texture":"#1"},"north":{"uv":[5.375,10.9375,5.8125,12.375],"tintindex":0,"rotation":0,"texture":"#1"},"west":{"uv":[7.1875,5.1875,8.625,6.625],"tintindex":0,"rotation":0,"texture":"#1"},"up":{"uv":[6.6875,12.375,6.25,10.9375],"tintindex":0,"rotation":0,"texture":"#1"},"down":{"uv":[7.125,10.9375,6.6875,12.375],"tintindex":0,"rotation":0,"texture":"#1"}}}],"display":{"gui":{"rotation":[30,225,0]}}}