{"textures":{"2":"modelengine:entity/truck_body_green"},"elements":[{"from":[-6.075001,-1.5,-1.0500011],"to":[-1.9750004,1.5,1.0499992],"faces":{"east":{"uv":[8.6875,8.5,8.8125,8.6875],"tintindex":0,"rotation":0,"texture":"#2"},"south":{"uv":[8.5625,5.625,8.8125,5.8125],"tintindex":0,"rotation":0,"texture":"#2"},"north":{"uv":[2.25,8.5625,2.5,8.75],"tintindex":0,"rotation":0,"texture":"#2"},"west":{"uv":[8.6875,8.6875,8.8125,8.875],"tintindex":0,"rotation":0,"texture":"#2"},"up":{"uv":[5.125,3.875,4.875,3.75],"tintindex":0,"rotation":0,"texture":"#2"},"down":{"uv":[8.875,2.25,8.625,2.375],"tintindex":0,"rotation":0,"texture":"#2"}}},{"from":[18.025,-1.5,-1.0500011],"to":[22.125,1.5,1.0499992],"faces":{"east":{"uv":[0.8125,8.75,0.9375,8.9375],"tintindex":0,"rotation":0,"texture":"#2"},"south":{"uv":[8.5625,5.8125,8.8125,6.0],"tintindex":0,"rotation":0,"texture":"#2"},"north":{"uv":[5.75,8.5625,6.0,8.75],"tintindex":0,"rotation":0,"texture":"#2"},"west":{"uv":[0.9375,8.75,1.0625,8.9375],"tintindex":0,"rotation":0,"texture":"#2"},"up":{"uv":[1.875,8.8125,1.625,8.6875],"tintindex":0,"rotation":0,"texture":"#2"},"down":{"uv":[3.6875,8.6875,3.4375,8.8125],"tintindex":0,"rotation":0,"texture":"#2"}}},{"from":[14.925,13.5,15.949999],"to":[20.025,18.5,16.05],"faces":{"east":{"uv":[8.0625,0.625,8.125,0.9375],"tintindex":0,"rotation":0,"texture":"#2"},"south":{"uv":[8.0625,8.125,8.375,8.4375],"tintindex":0,"rotation":0,"texture":"#2"},"north":{"uv":[7.75,8.125,8.0625,8.4375],"tintindex":0,"rotation":0,"texture":"#2"},"west":{"uv":[7.3125,8.6875,7.375,9.0],"tintindex":0,"rotation":0,"texture":"#2"},"up":{"uv":[8.9375,1.3125,8.625,1.25],"tintindex":0,"rotation":0,"texture":"#2"},"down":{"uv":[8.9375,2.8125,8.625,2.875],"tintindex":0,"rotation":0,"texture":"#2"}}},{"from":[-4.075001,13.5,15.949999],"to":[1.0250001,18.5,16.05],"faces":{"east":{"uv":[5.8125,7.25,5.875,7.5625],"tintindex":0,"rotation":0,"texture":"#2"},"south":{"uv":[7.4375,8.125,7.75,8.4375],"tintindex":0,"rotation":0,"texture":"#2"},"north":{"uv":[7.125,8.125,7.4375,8.4375],"tintindex":0,"rotation":0,"texture":"#2"},"west":{"uv":[0.625,8.0625,0.6875,8.375],"tintindex":0,"rotation":0,"texture":"#2"},"up":{"uv":[4.1875,7.0625,3.875,7.0],"tintindex":0,"rotation":0,"texture":"#2"},"down":{"uv":[8.9375,0.5625,8.625,0.625],"tintindex":0,"rotation":0,"texture":"#2"}}}],"display":{"gui":{"rotation":[30,225,0]}}}