{"textures":{"2":"modelengine:entity/truck_body_white"},"elements":[{"from":[0.9624996,3.25,3.4749994],"to":[3.0124998,4.25,4.5249996],"faces":{"east":{"uv":[15.86875,0.0,16.0,0.125],"tintindex":0,"rotation":0,"texture":"#2"},"south":{"uv":[15.74375,0.0,16.0,0.125],"tintindex":0,"rotation":0,"texture":"#2"},"north":{"uv":[15.74375,0.0,16.0,0.125],"tintindex":0,"rotation":0,"texture":"#2"},"west":{"uv":[15.86875,0.0,16.0,0.125],"tintindex":0,"rotation":0,"texture":"#2"},"up":{"uv":[16.0,0.13125,15.74375,0.0],"tintindex":0,"rotation":0,"texture":"#2"},"down":{"uv":[16.0,0.0,15.74375,0.13125],"tintindex":0,"rotation":0,"texture":"#2"}}},{"from":[0.98749876,3.25,27.525],"to":[2.0124989,4.25,28.575],"faces":{"east":{"uv":[16.0,0.0,15.86875,0.125],"tintindex":0,"rotation":0,"texture":"#2"},"south":{"uv":[16.0,0.0,15.74375,0.125],"tintindex":0,"rotation":0,"texture":"#2"},"north":{"uv":[16.0,0.0,15.74375,0.125],"tintindex":0,"rotation":0,"texture":"#2"},"west":{"uv":[16.0,0.0,15.86875,0.125],"tintindex":0,"rotation":0,"texture":"#2"},"up":{"uv":[16.0,0.0,15.74375,0.13125],"tintindex":0,"rotation":0,"texture":"#2"},"down":{"uv":[16.0,0.13125,15.74375,0.0],"tintindex":0,"rotation":0,"texture":"#2"}}}],"display":{"gui":{"rotation":[30,225,0]}}}