{"textures":{"0":"modelengine:entity/skeleton_cubee"},"elements":[{"from":[10.9855,10.9855,11.0105],"to":[5.0144997,5.0145006,4.9895],"faces":{"east":{"uv":[3.016,7.016,5.984,9.984],"tintindex":0,"rotation":0,"texture":"#0"},"south":{"uv":[6.016,7.016,8.984,9.984],"tintindex":0,"rotation":0,"texture":"#0"},"north":{"uv":[0.016,7.016,2.984,9.984],"tintindex":0,"rotation":0,"texture":"#0"},"west":{"uv":[8.016,0.016,10.984,2.984],"tintindex":0,"rotation":0,"texture":"#0"},"up":{"uv":[10.984,5.984,8.016,3.016],"tintindex":0,"rotation":0,"texture":"#0"},"down":{"uv":[11.984,6.016,9.016,8.984],"tintindex":0,"rotation":0,"texture":"#0"}}},{"from":[5.1895,5.189501,5.1895],"to":[10.8105,10.810501,10.8105],"faces":{"east":{"uv":[0.016,10.016,2.75,12.75],"tintindex":0,"rotation":0,"texture":"#0"},"south":{"uv":[3.016,10.016,5.75,12.75],"tintindex":0,"rotation":0,"texture":"#0"},"north":{"uv":[9.016,9.016,11.75,11.75],"tintindex":0,"rotation":0,"texture":"#0"},"west":{"uv":[6.016,10.016,8.75,12.75],"tintindex":0,"rotation":0,"texture":"#0"},"up":{"uv":[13.75,2.75,11.016,0.016],"tintindex":0,"rotation":0,"texture":"#0"},"down":{"uv":[13.75,3.016,11.016,5.75],"tintindex":0,"rotation":0,"texture":"#0"}}}],"display":{"gui":{"rotation":[30,225,0]}}}