{"textures":{"0":"modelengine:entity/skeleton_cubee"},"elements":[{"from":[7.297375,5.896062,7.297375],"to":[8.702625,8.003938,8.702625],"faces":{"east":{"uv":[12.016,11.016,12.75,11.984],"tintindex":0,"rotation":0,"texture":"#0"},"south":{"uv":[12.016,12.016,12.75,12.984],"tintindex":0,"rotation":0,"texture":"#0"},"north":{"uv":[11.016,12.016,11.75,12.984],"tintindex":0,"rotation":0,"texture":"#0"},"west":{"uv":[0.016,13.016,0.75,13.984],"tintindex":0,"rotation":0,"texture":"#0"},"up":{"uv":[13.75,9.75,13.016,9.016],"tintindex":0,"rotation":0,"texture":"#0"},"down":{"uv":[10.75,13.016,10.016,13.75],"tintindex":0,"rotation":0,"texture":"#0"}}}],"display":{"gui":{"rotation":[30,225,0]}}}